"Path","Status","OriginalSHA256","Copy1SHA256"
"data\app.log","Different content","27870D4CD3488E8C706EBF0B85E372363ED094C4D8E3B38E0AF10E22D58F66D5","B6FF9452959478DD540D2C285EAD9B5E0E5A8DDB4D8DF3B786A014260C4595B2"
"data\backups\settings-20260925-223259.json","Only in extracted","FF6F7B75B290634DA84D00A3F903E4A53AB9EAE2B6960FD797B4C895D6D373CC",""
"data\backups\settings-20260925-223318.json","Only in extracted","91ABD159E96060B2CC7F1A02A164FBC7957346B27EA6E2FA0C025BDAEE45BBD5",""
"data\backups\settings-20260925-223422.json","Only in extracted","9F81224C748B89D7D88CAC44CF2F5E32F64F43245C71DF6563CCB3C95C6B9E5B",""
"data\backups\settings-20260925-223856.json","Only in extracted","FF6F7B75B290634DA84D00A3F903E4A53AB9EAE2B6960FD797B4C895D6D373CC",""
"data\backups\settings-20260925-223913.json","Only in extracted","91ABD159E96060B2CC7F1A02A164FBC7957346B27EA6E2FA0C025BDAEE45BBD5",""
"data\backups\settings-20260925-223921.json","Only in extracted","FF6F7B75B290634DA84D00A3F903E4A53AB9EAE2B6960FD797B4C895D6D373CC",""
"data\backups\settings-20260925-224007.json","Only in extracted","9F81224C748B89D7D88CAC44CF2F5E32F64F43245C71DF6563CCB3C95C6B9E5B",""
"data\backups\settings-20260925-224619.json","Only in extracted","FF6F7B75B290634DA84D00A3F903E4A53AB9EAE2B6960FD797B4C895D6D373CC",""
"data\backups\settings-20260925-224630.json","Only in extracted","91ABD159E96060B2CC7F1A02A164FBC7957346B27EA6E2FA0C025BDAEE45BBD5",""
"data\backups\settings-20260925-225144.json","Only in extracted","FF6F7B75B290634DA84D00A3F903E4A53AB9EAE2B6960FD797B4C895D6D373CC",""
"data\backups\settings-20260928-014836.json","Only in extracted-copy-1","","AD5F755C47D963E31D5505B92EEE0C3B9C33E6D5693AE702D99D92C34775B074"
"data\backups\settings-20260928-203519.json","Only in extracted-copy-1","","B0CF04B9D8A1BA7049F5952059735A056CD8E276C61C6F470E69AA7896D26AE2"
"data\backups\settings-20260928-203520.json","Only in extracted-copy-1","","B0CF04B9D8A1BA7049F5952059735A056CD8E276C61C6F470E69AA7896D26AE2"
"data\backups\settings-20260928-203522.json","Only in extracted-copy-1","","B0CF04B9D8A1BA7049F5952059735A056CD8E276C61C6F470E69AA7896D26AE2"
"data\settings.json","Different content","3EE1BC97347C805198047838C7FA188F1A9B480FE7F4CA64D075B943C7AC0A10","AD5F755C47D963E31D5505B92EEE0C3B9C33E6D5693AE702D99D92C34775B074"
"runtime\vendor\aiohappyeyeballs\__pycache__\__init__.cpython-313.pyc","Different content","0850E9D420A9ED42A7B6607539CE6E5FC4519DBCECA37029D4926C4C8D198550","30418F3DDAB7DAA448BCA0B1392E8384965850EB85FE8412F3B372E100E88D78"
"runtime\vendor\aiohappyeyeballs\__pycache__\_staggered.cpython-313.pyc","Different content","E3E94FFD4850D2B602D6FC501C9DDAC369D41BD68E7188FA5E2657B5FD1F5BB5","B317BEE1EC6646F4ED96B01E7707F5A4F182CF461DCEEAF32978E33BC63669B9"
"runtime\vendor\aiohappyeyeballs\__pycache__\impl.cpython-313.pyc","Different content","2870C496CBFA0ED5171111BDC716F2CCA904AD994B45AF1293ECADB966A5D5B2","3DB9DA4543C32A134296C9ABBFB76EBFAC024709FDE212BD24079B08A982B5F6"
"runtime\vendor\aiohappyeyeballs\__pycache__\types.cpython-313.pyc","Different content","2B68CFDA46C53CFBA537F13B8319B8C11EC0FEE168E49EE5C6ACC71327396DBB","97759C4DC2256F97BEF40014DCCF8EDF8396F36016F9C836A4B03AA00802D1A2"
"runtime\vendor\aiohappyeyeballs\__pycache__\utils.cpython-313.pyc","Different content","DEA766DD579955042F79946B3B92424A77C3848F84C823F2EF93FC4F3B60BD93","9EC69188228AEEDBC3E9DD8C0F626BBBE75D7D61A6C94E20FE0EAD1D42CBBC95"
"runtime\vendor\aiohttp\__pycache__\__init__.cpython-313.pyc","Different content","8D13E86886D2EB6C98DE2F9B26A7907477AA87BFE6C104EBFEFED6F971E6C508","8F5DC7D39861D2B9849F21C6910B4759C7852C18C2F68B66947CFB679D1A940F"
"runtime\vendor\aiohttp\__pycache__\_cookie_helpers.cpython-313.pyc","Different content","A654076DB6BE3970D4001661C9FF6F597FCB0A5DD723E18140BDD1E123FF2B6C","74C7CCFBB68804690D9BCA53463D6A3B60AB108215358250B13F6852F4FE52AE"
"runtime\vendor\aiohttp\__pycache__\abc.cpython-313.pyc","Different content","D5023EBC8C8AD13435B0BA9063E5DA0E5603980F10638D526334154442CFF964","61C3AC2BC5175D9B6D014C1D45E4315B0A11C07AC924876264387637DB3785E0"
"runtime\vendor\aiohttp\__pycache__\base_protocol.cpython-313.pyc","Different content","0A42A5337E87AA6F250CD7130D5E957315A7977A45F40518BC55B462AF167143","6CE8BBDF5A9AE1B4E6142FB1822B6F72AE58F700C552B32131381351547544F7"
"runtime\vendor\aiohttp\__pycache__\client_exceptions.cpython-313.pyc","Different content","16BA72255FBDF06DBB03A3927601E9A2A3F80953F97EE0292BF776E1F8F046C7","A7FAAC7131F8879F8EB9E2B3F271143360229A04BA05ED48EECBCC5DE860F0D5"
"runtime\vendor\aiohttp\__pycache__\client_middleware_digest_auth.cpython-313.pyc","Different content","E09BD1D95EB81D9500B862BEC86D1C87E722F3788C945AE0AE814CF8CAB38D3B","6674CB959F59E9EB6071DC4248C909EE750D751B0F9B69B7BA04E311C9B63445"
"runtime\vendor\aiohttp\__pycache__\client_middlewares.cpython-313.pyc","Different content","F6A7A93EE3AB2AE4C4EA8A33843D8E8DBE3E1547CDA2CBB09870F1FBFE4C6FF2","4F46BB07A73E67AD9BE4A21CD5DC22AD600CC21368175CF056D66B0D9D29F012"
"runtime\vendor\aiohttp\__pycache__\client_proto.cpython-313.pyc","Different content","D413336FBDCBC2D7AB3EC43C3515365557926FA8D86EED66E086EB8ACB7429FB","5A4BBD2F48E38BBC89E4F801C7FF644A23398043E8932511B3DD44B45CFCA166"
"runtime\vendor\aiohttp\__pycache__\client_reqrep.cpython-313.pyc","Different content","9409DB63F31BCD81BEDF4093F0CBF239954D99B76102D499C615D7067E116D64","9B03F8E532E7D1F6C4298E6143196081689825A73D6831CC6C7ED015D978C23F"
"runtime\vendor\aiohttp\__pycache__\client_ws.cpython-313.pyc","Different content","059DAF5EBDB933428C654B80EC801944A36EACAFAFF0CBF42CF701CACBF2601C","06A1735E638B43F4940D0E8997BBF9D97EFBFAA138D901FAE466237C8749A91B"
"runtime\vendor\aiohttp\__pycache__\client.cpython-313.pyc","Different content","91A3895DEACA6B28AF98E2238725C60A4C8C35CF47305C9BE68E9E707188F624","85E6F277615D87A5DA957C46D7F4AE7A788AA180CCDD197D1BF1868741A2BE8D"
"runtime\vendor\aiohttp\__pycache__\compression_utils.cpython-313.pyc","Different content","7F4749AD2CC1E46A5E03F18763F19EE7617FEB24F76E39B9249057779275EFA7","799B60EF2D2B9873BE6864EE626595940182396595A8326ECA5E1237903E9FBC"
"runtime\vendor\aiohttp\__pycache__\connector.cpython-313.pyc","Different content","6F8B9695D1647BFD56EBCFE4859CCD08A2B990C4C247A7F75C1E71DE41F50814","DA21FEF5AADAFCA8401CD4ABDF78451BABC2F92C61BB68AD819310B035402101"
"runtime\vendor\aiohttp\__pycache__\cookiejar.cpython-313.pyc","Different content","17781C687CEBCB82F8A299F276D58F2C921EDEB5B64E51A398D02B84F80240A6","7BEFA690FEAAE62B20A9C77FA43EFDA033F0A4693F297FE8BBE30E329D30B039"
"runtime\vendor\aiohttp\__pycache__\formdata.cpython-313.pyc","Different content","5B0340DA602018B657EC25B579CB24846600AE59A9C64CDCE77BD449D5681576","B18AB0E13FB92FFEED8213578D704ABC7314768D5084A24AFF4006C6BE0BF4E9"
"runtime\vendor\aiohttp\__pycache__\hdrs.cpython-313.pyc","Different content","812B719371809105471D49746FEC711365C611FAAC0DA8A65C665E246CBDCB14","A1B772D03FA962D53DA9B1D1DD0E57C0CA3142DFB76EB36AEAC57D8C71D4901C"
"runtime\vendor\aiohttp\__pycache__\helpers.cpython-313.pyc","Different content","09E1425E8AE73CB4F625A4D8DAC0A3899F637FC5EF83F1E4D03B01D6493E6974","85D1A39A619F9B9997A76DD3B4B7EA455FAAFBCE5F8ACCBF805165033D21EA20"
"runtime\vendor\aiohttp\__pycache__\http_exceptions.cpython-313.pyc","Different content","DEAF0D8583334B5572CD7319E8B7AC534DB3EE9729AF129247819CBB042B0262","7E4B6169DCF99D54F432590BDC62A802AEDFFC78D0396D8C5FADF1446FF2D610"
"runtime\vendor\aiohttp\__pycache__\http_parser.cpython-313.pyc","Different content","943F54760E892EAB3584F9A5786D2B85004EE526908309CB9885461BFF65028E","3DA7920F66FB6C93F7B1DB59BB1B5EFF72C5ABD0ACB5BAA2506AA08057E6E7CC"
"runtime\vendor\aiohttp\__pycache__\http_websocket.cpython-313.pyc","Different content","AAF4A24CA5344C41133F9FD47F787E6A4221DD74A5EC12390A9A2DA098C8A525","C13A0844D2AC6D90A418F88C888E1D46069C5EA4F402D994EEE1A00041E35973"
"runtime\vendor\aiohttp\__pycache__\http_writer.cpython-313.pyc","Different content","DDEBA32CF0C7632B9A49475EDC12CD9A52467868B64352CFA749F932792AC903","5E6E3AB62338DE34E1440B2F451E4AE23892D05CEF6245F616F153DB5706C2BF"
"runtime\vendor\aiohttp\__pycache__\http.cpython-313.pyc","Different content","433AA4793588C7B49F28DB1B6C49360E9348D77EC49E3B2513233F2F3150B1D7","EB72C864F9972C57AA9900B42E715B85DCDEFEF476BA0B1ED4082E6EB013894D"
"runtime\vendor\aiohttp\__pycache__\log.cpython-313.pyc","Different content","530DC47AE9E29F4744AEC18978338BB17012D8A00F0899E4427BCCC1BB56E230","C345E716AB311FDACE3AB5D8624C756E7C708CE5B0FB835578878EC631CD089A"
"runtime\vendor\aiohttp\__pycache__\multipart.cpython-313.pyc","Different content","7169C7E17ACAD024E869EFA6FC0AE5593FC80F4C7B23B372921BD89EE9D968D0","BB0F7F3EA49CE9DEAE921F1136188BB6A2F0C0DFAF46A72AEABFA33DFE83C062"
"runtime\vendor\aiohttp\__pycache__\payload_streamer.cpython-313.pyc","Different content","2937F966EE0E45356419A6BB62F13559603CCCE63305B7239E61F5E029CECEF3","A346BDD345753F510642ADD3897961EA0B48818B97A29B53E13B5A5387FDEF42"
"runtime\vendor\aiohttp\__pycache__\payload.cpython-313.pyc","Different content","8CD2BC13BA55856D67F1F9167C3B3690F79633B605BDED4C332D4643193E0567","73B06772FE92A0BBBB019E65D715CEF9FAA5DE9451C5DADE86F1218E6BD8F51A"
"runtime\vendor\aiohttp\__pycache__\resolver.cpython-313.pyc","Different content","AA890A52C003FB2BD797E607FED8FB80854F5A9522113C7DC1AD7202DA3D98D9","207688CE8EB42091EA4DB15C8DD8007B90F53738FB245051C5C648499B5F190A"
"runtime\vendor\aiohttp\__pycache__\streams.cpython-313.pyc","Different content","2228F351BD5FF30447D0BA34F11D50ADB56A3159C515204084A88380FE7208AB","1F3C588E6B808952CEAD6FD2039AC5EF8986EF5CAB5003C9529712C488B42277"
"runtime\vendor\aiohttp\__pycache__\tcp_helpers.cpython-313.pyc","Different content","B0BB4D1C5B3CAC0D301813B0F1773EAB4CCF21BCFFE5AAB1FBF7CC79403DAEFB","D84ED094128B2AE58A24D71AF0F8724FB2A6A2BF305F14F97A93CCF6BB2443D3"
"runtime\vendor\aiohttp\__pycache__\tracing.cpython-313.pyc","Different content","62D64DE8F571068C2B57232241CEB885941E14258A1CC80FF9201F6A71CEF980","CE0054F9B86AB199AF102EA2A412C61A4F56363A06446061B88D274613BEC9F1"
"runtime\vendor\aiohttp\__pycache__\typedefs.cpython-313.pyc","Different content","D10BB0806067897CE2C2EFDAE7B211759C12B0EBED8EDF8290E4FCCFC599884E","B3219DEBBE45B5FB0E93D7D7DB7305946FF4F137332472177E3E8A1C830A70C1"
"runtime\vendor\aiohttp\__pycache__\web_app.cpython-313.pyc","Different content","DCE976868486E3B87DE7E0DBEEDAD08B986EFD135C94C558A7FD830BED338171","A972D1B304F410DDFE89A220C8872FFE971F79EFF7178D1A1D3DB0640905A6C7"
"runtime\vendor\aiohttp\__pycache__\web_exceptions.cpython-313.pyc","Different content","ED7DEA29723366F25F933A1CAD7CF115AAD9E54126EA1B8EB9D4C9828B7C4455","26ACB286F736F32ED058665EA22CFD3C165BD4C90BB6F817C9CE64AC33ABBE23"
"runtime\vendor\aiohttp\__pycache__\web_fileresponse.cpython-313.pyc","Different content","67A513FEC5884509B482B9E8BCFFCF0FD24C4ED7AD0CD12F781DC31D8592B6DB","04F38A27B8B93DD6968468699391E5FD349633C1F4961D17B5B47055F0D2C7D5"
"runtime\vendor\aiohttp\__pycache__\web_log.cpython-313.pyc","Different content","4635509B8D28DFB6B912B44CE9BE6422FE32160DCBF4B1196AD08F626833B49B","21213912D9B268571982DF2D994BF90AB3FC6C5EFF28A395B491C3783624E71B"
"runtime\vendor\aiohttp\__pycache__\web_middlewares.cpython-313.pyc","Different content","8935B8E9926A752D198B5EC28EB0198D14B9F9EADB39A76B730DFEC6B87941B4","1AFF2863B6034A919283A656B07647296CF3015532D17377A4396BF489B4F57D"
"runtime\vendor\aiohttp\__pycache__\web_protocol.cpython-313.pyc","Different content","EFBB6E9E2F173C76B975436ADBA8BEE8B8428F830B3BB1A077C19ED4F79010CC","79A6FBB73C59A9554AAFE4AE91DE02ECF93A6C1CE8D0EADB0374838111F1F9EA"
"runtime\vendor\aiohttp\__pycache__\web_request.cpython-313.pyc","Different content","9DCFF2058538BCD834ABDAD00A6D2933C42E64CC6F0360DDEF2835F4473E4A16","63D40F01DF706C2A1759B9125542A4E6113F3CF0A391986F21A2934B68FA01F4"
"runtime\vendor\aiohttp\__pycache__\web_response.cpython-313.pyc","Different content","F67FC31FE1ECB6E1EA82D04A802DF08F1E7A9DC427E12988E02680A4052FCE2B","352C3AEC57B09B85B7C7077B4948E3F9D08A0BF79B6EFBC8930B043AA1CA6969"
"runtime\vendor\aiohttp\__pycache__\web_routedef.cpython-313.pyc","Different content","6A9E9307D6DE710EC4D35F60EBDF232C9D6478F5F1AA94643385A2A9D757C02D","5CCF889A02C05D677322F907CCC5334F11F910899DE648B506664CF014153ECE"
"runtime\vendor\aiohttp\__pycache__\web_runner.cpython-313.pyc","Different content","955B1DF6D5C3A040DEE77AA0305FEEFBC1E1ADDE8A8E40AA48A6F5A35632AF7B","3C775D3220E0B89B4E0E72BC7F4C84F30FF3897611DFCEEE36DD7A566C6DE243"
"runtime\vendor\aiohttp\__pycache__\web_server.cpython-313.pyc","Different content","AC33DFBEDDF13B1A1A363EE4B02B3D7F38C370D5254E115FADF3D84441D71B5E","D5104B49867F7B09DF667A206703A621B003E2E1F8239CFD41523C14EEDD873A"
"runtime\vendor\aiohttp\__pycache__\web_urldispatcher.cpython-313.pyc","Different content","28C5510ED34962ED16E9AFE2D91A6696CABCD60EB83D3D89BB8D76C706F741E0","C865C783F45B9BE0DF30594659467FB2830FCAAC2DCD26FAE50AA0773E53242D"
"runtime\vendor\aiohttp\__pycache__\web_ws.cpython-313.pyc","Different content","13EC86DAB086B6B18D2FC772F4BE366F75DF88AA86210354CF49342C41F546D9","E99CE89224BE3984585DE606EFA358E6CF18F1F74BE16124ED0C30E04150DF23"
"runtime\vendor\aiohttp\__pycache__\web.cpython-313.pyc","Different content","65C971DB8D5CF5C84FB79EC0722842981C289B91BE9D0290D976B68D33B9C39C","F6D06F6519D71A56A56077A47E5658BA6AAF0A86A8BC22F985C2092637E6ECC7"
"runtime\vendor\aiohttp\_websocket\__pycache__\__init__.cpython-313.pyc","Different content","EBE4C74E9689EE95A8D07836B19C3C726DF59EA0A9ECB6104DDADA9806271FFA","ACD19D0A334976154AEB643678FBD8696BCFC7AB9759FF716FE1937B985F432E"
"runtime\vendor\aiohttp\_websocket\__pycache__\helpers.cpython-313.pyc","Different content","A5849844F8CF858B86AECF1C6AC4B9370F381D7030A878013D7A080B74014C7D","EC9A5A1FCA5B945846F4B7549DC5AF31AB5EE479DE707ED6BC99046D723052B7"
"runtime\vendor\aiohttp\_websocket\__pycache__\models.cpython-313.pyc","Different content","B8020495673F0E35431A76EFCD93975898A0ECF2A1762DFB8EA7EB6821D20527","BB7238FB9E46920C45268559C6C7E99401E6DC9F9C9D305A1246B780BD14EB35"
"runtime\vendor\aiohttp\_websocket\__pycache__\reader.cpython-313.pyc","Different content","4C2B7EB39D6B7EDF774255FAFEE22CDBAE104885DFEBCB47AF68AB8DFA90B7AF","28DE0754E14D4086C1DE3C22D18AFC6D63DA811AC50428B80B67DB26F66795A9"
"runtime\vendor\aiohttp\_websocket\__pycache__\writer.cpython-313.pyc","Different content","163247CD3166325F9F63F1EEBB507E24861B8FDC26EEC05967BA84E5CB3F7735","5FA2F84D28C40E28B6ED86385D3196DD468C182BE2B2E0BAB379904C7CF75C4A"
"runtime\vendor\aiosignal\__pycache__\__init__.cpython-313.pyc","Different content","503A599816A637F53F7927752E54873C16A2B1C1554026D36986856C04CE4528","3F7AFA17A39F96247BE8559E4CEF005F7137CE43D452F15F213E4EE84309C9D7"
"runtime\vendor\attr\__pycache__\__init__.cpython-313.pyc","Different content","0EC707CED6890E6496AED5845F9565414E9C69B544EB71F1F098A87C6E1509E0","5B4AB67AE28FF2C44B92CA2CAB11082F301FCF48856E3B4BC1B75E1400868A25"
"runtime\vendor\attr\__pycache__\_cmp.cpython-313.pyc","Different content","D751811BB1BB086C0B79939EBBBD4AABDA64B714148BFEF78D4D6C893FDA2B1A","5987BCE036FF187DF03B4C7DFF8438141DFB7E54170F381DEF5B37420450B567"
"runtime\vendor\attr\__pycache__\_compat.cpython-313.pyc","Different content","F79A1286FC00790CAF9FC652FB5196B74C4250CB592A60102C75E6282C93DD0B","2ECBB652407663EB2B06629424F513E169B71CC0D77061DDE1BA9E1FF8297084"
"runtime\vendor\attr\__pycache__\_config.cpython-313.pyc","Different content","7B593085C80F42343EACC44FDCE49FCE07881F33846EA3409B87781E70A7654A","197F11A0F1BA90E1ADEFB6581144BAC271E2BD526A70054A515D79BC8F369FAD"
"runtime\vendor\attr\__pycache__\_funcs.cpython-313.pyc","Different content","1A5244F9C63816CD190479522E5CC8C16041FB39A5488744014C693044F6BCAF","0F004AB295F43153B9B3FB89D051C29420261A5F48ACA434DCF106820227724F"
"runtime\vendor\attr\__pycache__\_make.cpython-313.pyc","Different content","0823985B1A76E464E8E8DA63F695D5D61038A9CCD6CE25BED0ED05DF3EF3134F","36C0AF69E1A98182062DA034EF13F1B2A32D144D85452B99D6EBB19309FF567D"
"runtime\vendor\attr\__pycache__\_next_gen.cpython-313.pyc","Different content","6BFC3259D0AEEB39DEA9F98796B709777823D2560E6FB1B11E8D895A1B2146E1","6364F09D2AD9EAA8C45827D21681EBE598158CDC255038308F0DD70EA4D7C97A"
"runtime\vendor\attr\__pycache__\_version_info.cpython-313.pyc","Different content","D8CE5E48811B2C47AC269110EAAE5B66D70F8629F2F7ECCF482D6DBC9631E346","B7045F1429BFD15B7CCFD9BB8D5E1FF605D35A17FB43DE661B9C7D5E45F3E6F9"
"runtime\vendor\attr\__pycache__\converters.cpython-313.pyc","Different content","B28B644ED76101E3172A0F38E7FD9152D406707D3562C9AB32E3CC82EC81F847","0F25ADE64477D7974A2E12B6D5DE3D9FF4A2F7007661A2A35A6BBF0F76BF7FEC"
"runtime\vendor\attr\__pycache__\exceptions.cpython-313.pyc","Different content","FD7FDFB23B644EA84AEB8356052746058AD3AEC084384FBAB6CFF0DB608E4979","8C205E294D5E31EFAA5C9DCD762C65B82E467175A0CC884A0ADF1DD887887EAB"
"runtime\vendor\attr\__pycache__\filters.cpython-313.pyc","Different content","C3249EFF6D67293CDD3017DC909AD79B4067654EBF4CD36AD9B3E3A326C9E376","97852E681794DCF720EFC61886CD5ED3DFCD40C8A250E1EAB95BCF4A436A113A"
"runtime\vendor\attr\__pycache__\setters.cpython-313.pyc","Different content","32358E7262BDA02364A286FF035C1CF5374DADCD834F207C3A7724007EDE7630","8A60B060B1047AE6E53FC5C6460639B2B7BCD3C2D5AB9FB85F787F83DBA6A31F"
"runtime\vendor\attr\__pycache__\validators.cpython-313.pyc","Different content","C7D295A80FEE8C4D11C1E93ED500DBA416CA706827BF295117A91A707BBCE6E3","DCF51D463F69A0DD5C592956C1BE7EE42A4EA56CD6A0496520AA901305D661CF"
"runtime\vendor\frozenlist\__pycache__\__init__.cpython-313.pyc","Different content","DFBBE1B820FBAD61DFD237201A3352A9A76414D839FFB79B98CCAD8EDFCE85EB","51CB65103ECE651243E2D84DC3408B552D1AAA991FBFDA6EB8AEF37548BCBA91"
"runtime\vendor\idna\__pycache__\__init__.cpython-313.pyc","Different content","56530A95E1279F4CA39EF2892BE4DA49B1E815090125745A5DF074148F83CFA7","10299982273CCFEC021F824A91FA6BCE66C48A0360817F7B53FA1F0F13246F8C"
"runtime\vendor\idna\__pycache__\core.cpython-313.pyc","Different content","B62CA2798F7159248C48123B6BEB2EBD209126DFA4A96BB8F00CB37E3D89F8E5","D09C749A3C2FBA296F161EA0B5C15BC8AC5C5FA1211E8513CC8F07DE98A3DA0A"
"runtime\vendor\idna\__pycache__\idnadata.cpython-313.pyc","Different content","7588429A9598E7C70A3C4F3D749F160415CFA9AF4B0E4A11E02721CE144B3570","54FA99A3AA95BC4DB788B86CAF290CDD7DFCD6D816ECB5ADFE722A6D6A6620FA"
"runtime\vendor\idna\__pycache__\intranges.cpython-313.pyc","Different content","8D457566EBE50C506691BE7446B5FB86AC9108F14DCD2A1FEAE1051B23E6A334","12AC781CEF53C17EF4460BBB629FD9B1139953ACD013047EF0BBE37C17621282"
"runtime\vendor\idna\__pycache__\package_data.cpython-313.pyc","Different content","2F07DDCCEAA5EDFEE2CFFB9E68F652D0F3BDB1AB108FAF54A5B9FE232E3F1ECE","A94163DF586C8B73F7C1770D7F9C0D68D225B9AD0F0738F9952DA67805CD0CE7"
"runtime\vendor\multidict\__pycache__\__init__.cpython-313.pyc","Different content","CA5EC4C677720110A279578B9F9C201F8542520360046F3B49C6668ECBEE1D3A","7CCB266D08601EFD21BDFAF58C5E82EC87EF71149A530BCC15CA33FAEC6F7768"
"runtime\vendor\multidict\__pycache__\_abc.cpython-313.pyc","Different content","A40E79A798C13D63A9D7E63C61BCAEE5B28EE84295FD79A591808242AC586954","0B7EBAACC4DE4879C423CD3D0AC10D64C81B71D55C231E5F1DA2E0F8912F6900"
"runtime\vendor\multidict\__pycache__\_compat.cpython-313.pyc","Different content","391F5221FA8D50B3CE5A9FE460D69186C989C9396BB2856D98C29BA3E2D9A415","287C64AE0D79E40763A3D636E2F87B80F7EA41840A81326150CD19C6D1F535A7"
"runtime\vendor\propcache\__pycache__\__init__.cpython-313.pyc","Different content","EE09F928819FA1D436C8A7A13F8525A7D672618CBCCE957AA7FE8491859345BD","3E69EAD3664E53ECE594C58DBC2E9107FD194578EBD96BBF2D2FFEA77FE2614D"
"runtime\vendor\propcache\__pycache__\_helpers.cpython-313.pyc","Different content","8DD3A7854FDA3C5310883390F44E555EC379D650612D318482DACFEB17FD4320","EFC015D095BC8F81CC603F0A78F4819C1E48F5213E7518D5542FC2C8E7E6EFD1"
"runtime\vendor\propcache\__pycache__\api.cpython-313.pyc","Different content","026F261ECDE29F6946E5050FF22A7F2AC3E8AABB0403655AEA12619FDD4BA7AF","E02E662ED467CC412C77C3BD9B8F9AC15C9F35AFFC8D2F5BB4ADD8F1DC96BD3A"
"runtime\vendor\yarl\__pycache__\__init__.cpython-313.pyc","Different content","4CDD0913C229FAC83735E9468072BC4F66A8CDC16CC68D348FB0F82EE9369BA2","708248A026E4F8F2B749DA2E880F552E924748FDA9307BF567383007F32916BC"
"runtime\vendor\yarl\__pycache__\_parse.cpython-313.pyc","Different content","093994561A5925D907E46049056622F088FB2ED6A36971CFE128EEFACC8B75D4","2964F206EDD2C3C343CA8091E6E2BE57A86242BA451CBF7917A3E070ACBFD1DD"
"runtime\vendor\yarl\__pycache__\_path.cpython-313.pyc","Different content","FAE4C46D2A2EC0002467B912404FBAE7CC0BD8DF0FFE4FDE9012CD9C8119F694","4442301B7792BD0BF381B0E715BF23C80721370E3F1717337B92D843FEE8E071"
"runtime\vendor\yarl\__pycache__\_query.cpython-313.pyc","Different content","18EDB6332E8047A156923189D11F426DC9CC795FB37A131D737495025CAA41D4","88714B3CA396D50D474739CB7F529475AD2E9B377B15C4B696C09BC654C76342"
"runtime\vendor\yarl\__pycache__\_quoters.cpython-313.pyc","Different content","207A1D33A82C0A21F80B75FE8DC1070950334446A05221CA37CD784AC2439F5F","704A8A8FAAE7D55FFCDDDD44D57B87FDBB693C74B31058230A89D6C8875431BB"
"runtime\vendor\yarl\__pycache__\_quoting.cpython-313.pyc","Different content","B77B4938964A71185F16BA68F19E57E31A74541E7885423AF0C2A4E1104AC870","68439759A7635E44280E26416A0E2E79D310B91C437ECD835B48E1B9CA5048F2"
"runtime\vendor\yarl\__pycache__\_url.cpython-313.pyc","Different content","EC715595CD990B4AD0F8BBF8AE36603FD60D70ADB27F73ABD51E3E2552B7E1BB","CCD8F4A7131928FC0BEBEF311F428D0CA5599419BBF8D6B736C282A5FB0DA93E"
